REQUEST_TIME|REQUEST_URI|REMOTE_ADDR|VISITOR_ID|COUNTRY|HTTP_USER_AGENT|BROWSER|OS|HTTP_ACCEPT_LANGUAGE|SESSION_ID
1734222908|/DAM-Francisco-Jose-Herreros-Rodriguez/primero/Lenguaje%20de%20marcas/003-Manipulaci%C3%B3n%20de%20documentos%20Web/proyectos/004-proyecto%20apple/098-panel%20de%20visitas/front/index.php|::1|0e3f8208f7e5739a07cea9613b6631519d1fcc6f9c269f3a87befec0b73085a2|Local|"Mozilla/5.0 (Windows NT 10.0; Win64; x64) AppleWebKit/537.36 (KHTML, like Gecko) Chrome/131.0.0.0 Safari/537.36"|Chrome|Windows|es-ES,es;q=0.9,en;q=0.8|no-session
1734222909|/DAM-Francisco-Jose-Herreros-Rodriguez/primero/Lenguaje%20de%20marcas/003-Manipulaci%C3%B3n%20de%20documentos%20Web/proyectos/004-proyecto%20apple/098-panel%20de%20visitas/front/index.php|::1|0e3f8208f7e5739a07cea9613b6631519d1fcc6f9c269f3a87befec0b73085a2|Local|"Mozilla/5.0 (Windows NT 10.0; Win64; x64) AppleWebKit/537.36 (KHTML, like Gecko) Chrome/131.0.0.0 Safari/537.36"|Chrome|Windows|es-ES,es;q=0.9,en;q=0.8|no-session
1734222912|/DAM-Francisco-Jose-Herreros-Rodriguez/primero/Lenguaje%20de%20marcas/003-Manipulaci%C3%B3n%20de%20documentos%20Web/proyectos/004-proyecto%20apple/098-panel%20de%20visitas/front/categoria.php?cat=22|::1|0e3f8208f7e5739a07cea9613b6631519d1fcc6f9c269f3a87befec0b73085a2|Local|"Mozilla/5.0 (Windows NT 10.0; Win64; x64) AppleWebKit/537.36 (KHTML, like Gecko) Chrome/131.0.0.0 Safari/537.36"|Chrome|Windows|es-ES,es;q=0.9,en;q=0.8|no-session
1734222912|/DAM-Francisco-Jose-Herreros-Rodriguez/primero/Lenguaje%20de%20marcas/003-Manipulaci%C3%B3n%20de%20documentos%20Web/proyectos/004-proyecto%20apple/098-panel%20de%20visitas/front/categoria.php?cat=23|::1|0e3f8208f7e5739a07cea9613b6631519d1fcc6f9c269f3a87befec0b73085a2|Local|"Mozilla/5.0 (Windows NT 10.0; Win64; x64) AppleWebKit/537.36 (KHTML, like Gecko) Chrome/131.0.0.0 Safari/537.36"|Chrome|Windows|es-ES,es;q=0.9,en;q=0.8|no-session
1734222916|/DAM-Francisco-Jose-Herreros-Rodriguez/primero/Lenguaje%20de%20marcas/003-Manipulaci%C3%B3n%20de%20documentos%20Web/proyectos/004-proyecto%20apple/098-panel%20de%20visitas/front/blog.php|::1|0e3f8208f7e5739a07cea9613b6631519d1fcc6f9c269f3a87befec0b73085a2|Local|"Mozilla/5.0 (Windows NT 10.0; Win64; x64) AppleWebKit/537.36 (KHTML, like Gecko) Chrome/131.0.0.0 Safari/537.36"|Chrome|Windows|es-ES,es;q=0.9,en;q=0.8|no-session
1734222957|/DAM-Francisco-Jose-Herreros-Rodriguez/primero/Lenguaje%20de%20marcas/003-Manipulaci%C3%B3n%20de%20documentos%20Web/proyectos/004-proyecto%20apple/098-panel%20de%20visitas/front/blog.php|::1|0e3f8208f7e5739a07cea9613b6631519d1fcc6f9c269f3a87befec0b73085a2|Local|"Mozilla/5.0 (Windows NT 10.0; Win64; x64) AppleWebKit/537.36 (KHTML, like Gecko) Chrome/131.0.0.0 Safari/537.36"|Chrome|Windows|es-ES,es;q=0.9,en;q=0.8|no-session
1734222959|/DAM-Francisco-Jose-Herreros-Rodriguez/primero/Lenguaje%20de%20marcas/003-Manipulaci%C3%B3n%20de%20documentos%20Web/proyectos/004-proyecto%20apple/098-panel%20de%20visitas/front/categoria.php?cat=23|::1|0e3f8208f7e5739a07cea9613b6631519d1fcc6f9c269f3a87befec0b73085a2|Local|"Mozilla/5.0 (Windows NT 10.0; Win64; x64) AppleWebKit/537.36 (KHTML, like Gecko) Chrome/131.0.0.0 Safari/537.36"|Chrome|Windows|es-ES,es;q=0.9,en;q=0.8|no-session
1734222960|/DAM-Francisco-Jose-Herreros-Rodriguez/primero/Lenguaje%20de%20marcas/003-Manipulaci%C3%B3n%20de%20documentos%20Web/proyectos/004-proyecto%20apple/098-panel%20de%20visitas/front/contacto.php|::1|0e3f8208f7e5739a07cea9613b6631519d1fcc6f9c269f3a87befec0b73085a2|Local|"Mozilla/5.0 (Windows NT 10.0; Win64; x64) AppleWebKit/537.36 (KHTML, like Gecko) Chrome/131.0.0.0 Safari/537.36"|Chrome|Windows|es-ES,es;q=0.9,en;q=0.8|no-session
1734222960|/DAM-Francisco-Jose-Herreros-Rodriguez/primero/Lenguaje%20de%20marcas/003-Manipulaci%C3%B3n%20de%20documentos%20Web/proyectos/004-proyecto%20apple/098-panel%20de%20visitas/front/categoria.php?cat=17|::1|0e3f8208f7e5739a07cea9613b6631519d1fcc6f9c269f3a87befec0b73085a2|Local|"Mozilla/5.0 (Windows NT 10.0; Win64; x64) AppleWebKit/537.36 (KHTML, like Gecko) Chrome/131.0.0.0 Safari/537.36"|Chrome|Windows|es-ES,es;q=0.9,en;q=0.8|no-session
1734222961|/DAM-Francisco-Jose-Herreros-Rodriguez/primero/Lenguaje%20de%20marcas/003-Manipulaci%C3%B3n%20de%20documentos%20Web/proyectos/004-proyecto%20apple/098-panel%20de%20visitas/front/index.php|::1|0e3f8208f7e5739a07cea9613b6631519d1fcc6f9c269f3a87befec0b73085a2|Local|"Mozilla/5.0 (Windows NT 10.0; Win64; x64) AppleWebKit/537.36 (KHTML, like Gecko) Chrome/131.0.0.0 Safari/537.36"|Chrome|Windows|es-ES,es;q=0.9,en;q=0.8|no-session
1734223057|/DAM-Francisco-Jose-Herreros-Rodriguez/primero/Lenguaje%20de%20marcas/003-Manipulaci%C3%B3n%20de%20documentos%20Web/proyectos/004-proyecto%20apple/098-panel%20de%20visitas/front/index.php|::1|0e3f8208f7e5739a07cea9613b6631519d1fcc6f9c269f3a87befec0b73085a2|Local|"Mozilla/5.0 (Windows NT 10.0; Win64; x64) AppleWebKit/537.36 (KHTML, like Gecko) Chrome/131.0.0.0 Safari/537.36"|Chrome|Windows|es-ES,es;q=0.9,en;q=0.8|no-session
1734223076|/DAM-Francisco-Jose-Herreros-Rodriguez/primero/Lenguaje%20de%20marcas/003-Manipulaci%C3%B3n%20de%20documentos%20Web/proyectos/004-proyecto%20apple/098-panel%20de%20visitas/front/index.php|::1|0e3f8208f7e5739a07cea9613b6631519d1fcc6f9c269f3a87befec0b73085a2|Local|"Mozilla/5.0 (Windows NT 10.0; Win64; x64) AppleWebKit/537.36 (KHTML, like Gecko) Chrome/131.0.0.0 Safari/537.36"|Chrome|Windows|es-ES,es;q=0.9,en;q=0.8|
1734223079|/DAM-Francisco-Jose-Herreros-Rodriguez/primero/Lenguaje%20de%20marcas/003-Manipulaci%C3%B3n%20de%20documentos%20Web/proyectos/004-proyecto%20apple/098-panel%20de%20visitas/front/index.php|::1|0e3f8208f7e5739a07cea9613b6631519d1fcc6f9c269f3a87befec0b73085a2|Local|"Mozilla/5.0 (Windows NT 10.0; Win64; x64) AppleWebKit/537.36 (KHTML, like Gecko) Chrome/131.0.0.0 Safari/537.36"|Chrome|Windows|es-ES,es;q=0.9,en;q=0.8|
1734223126|/DAM-Francisco-Jose-Herreros-Rodriguez/primero/Lenguaje%20de%20marcas/003-Manipulaci%C3%B3n%20de%20documentos%20Web/proyectos/004-proyecto%20apple/098-panel%20de%20visitas/front/index.php|::1|0e3f8208f7e5739a07cea9613b6631519d1fcc6f9c269f3a87befec0b73085a2|Local|"Mozilla/5.0 (Windows NT 10.0; Win64; x64) AppleWebKit/537.36 (KHTML, like Gecko) Chrome/131.0.0.0 Safari/537.36"|Chrome|Windows|es-ES,es;q=0.9,en;q=0.8|
1734223129|/DAM-Francisco-Jose-Herreros-Rodriguez/primero/Lenguaje%20de%20marcas/003-Manipulaci%C3%B3n%20de%20documentos%20Web/proyectos/004-proyecto%20apple/098-panel%20de%20visitas/front/index.php|::1|0e3f8208f7e5739a07cea9613b6631519d1fcc6f9c269f3a87befec0b73085a2|Local|"Mozilla/5.0 (Windows NT 10.0; Win64; x64) AppleWebKit/537.36 (KHTML, like Gecko) Chrome/131.0.0.0 Safari/537.36"|Chrome|Windows|es-ES,es;q=0.9,en;q=0.8|
1734223146|/DAM-Francisco-Jose-Herreros-Rodriguez/primero/Lenguaje%20de%20marcas/003-Manipulaci%C3%B3n%20de%20documentos%20Web/proyectos/004-proyecto%20apple/098-panel%20de%20visitas/front/index.php|::1|0e3f8208f7e5739a07cea9613b6631519d1fcc6f9c269f3a87befec0b73085a2|Local|"Mozilla/5.0 (Windows NT 10.0; Win64; x64) AppleWebKit/537.36 (KHTML, like Gecko) Chrome/131.0.0.0 Safari/537.36"|Chrome|Windows|es-ES,es;q=0.9,en;q=0.8|
1734223285|/DAM-Francisco-Jose-Herreros-Rodriguez/primero/Lenguaje%20de%20marcas/003-Manipulaci%C3%B3n%20de%20documentos%20Web/proyectos/004-proyecto%20apple/098-panel%20de%20visitas/front/contacto.php|::1|0e3f8208f7e5739a07cea9613b6631519d1fcc6f9c269f3a87befec0b73085a2|Local|"Mozilla/5.0 (Windows NT 10.0; Win64; x64) AppleWebKit/537.36 (KHTML, like Gecko) Chrome/131.0.0.0 Safari/537.36"|Chrome|Windows|es-ES,es;q=0.9,en;q=0.8|iqhvu53dk1fise7inpfd47ss2g
1734223290|/DAM-Francisco-Jose-Herreros-Rodriguez/primero/Lenguaje%20de%20marcas/003-Manipulaci%C3%B3n%20de%20documentos%20Web/proyectos/004-proyecto%20apple/098-panel%20de%20visitas/front/index.php|::1|0e3f8208f7e5739a07cea9613b6631519d1fcc6f9c269f3a87befec0b73085a2|Local|"Mozilla/5.0 (Windows NT 10.0; Win64; x64) AppleWebKit/537.36 (KHTML, like Gecko) Chrome/131.0.0.0 Safari/537.36"|Chrome|Windows|es-ES,es;q=0.9,en;q=0.8|
1734223413|/DAM-Francisco-Jose-Herreros-Rodriguez/primero/Lenguaje%20de%20marcas/003-Manipulaci%C3%B3n%20de%20documentos%20Web/proyectos/004-proyecto%20apple/098-panel%20de%20visitas/front/index.php|::1|0e3f8208f7e5739a07cea9613b6631519d1fcc6f9c269f3a87befec0b73085a2|Local|"Mozilla/5.0 (Windows NT 10.0; Win64; x64) AppleWebKit/537.36 (KHTML, like Gecko) Chrome/131.0.0.0 Safari/537.36"|Chrome|Windows|es-ES,es;q=0.9,en;q=0.8|iqhvu53dk1fise7inpfd47ss2g
1734223420|/DAM-Francisco-Jose-Herreros-Rodriguez/primero/Lenguaje%20de%20marcas/003-Manipulaci%C3%B3n%20de%20documentos%20Web/proyectos/004-proyecto%20apple/098-panel%20de%20visitas/front/contacto.php|::1|0e3f8208f7e5739a07cea9613b6631519d1fcc6f9c269f3a87befec0b73085a2|Local|"Mozilla/5.0 (Windows NT 10.0; Win64; x64) AppleWebKit/537.36 (KHTML, like Gecko) Chrome/131.0.0.0 Safari/537.36"|Chrome|Windows|es-ES,es;q=0.9,en;q=0.8|iqhvu53dk1fise7inpfd47ss2g
1734223422|/DAM-Francisco-Jose-Herreros-Rodriguez/primero/Lenguaje%20de%20marcas/003-Manipulaci%C3%B3n%20de%20documentos%20Web/proyectos/004-proyecto%20apple/098-panel%20de%20visitas/front/categoria.php?cat=17|::1|0e3f8208f7e5739a07cea9613b6631519d1fcc6f9c269f3a87befec0b73085a2|Local|"Mozilla/5.0 (Windows NT 10.0; Win64; x64) AppleWebKit/537.36 (KHTML, like Gecko) Chrome/131.0.0.0 Safari/537.36"|Chrome|Windows|es-ES,es;q=0.9,en;q=0.8|iqhvu53dk1fise7inpfd47ss2g
1734223424|/DAM-Francisco-Jose-Herreros-Rodriguez/primero/Lenguaje%20de%20marcas/003-Manipulaci%C3%B3n%20de%20documentos%20Web/proyectos/004-proyecto%20apple/098-panel%20de%20visitas/front/categoria.php?cat=19|::1|0e3f8208f7e5739a07cea9613b6631519d1fcc6f9c269f3a87befec0b73085a2|Local|"Mozilla/5.0 (Windows NT 10.0; Win64; x64) AppleWebKit/537.36 (KHTML, like Gecko) Chrome/131.0.0.0 Safari/537.36"|Chrome|Windows|es-ES,es;q=0.9,en;q=0.8|iqhvu53dk1fise7inpfd47ss2g
1734223425|/DAM-Francisco-Jose-Herreros-Rodriguez/primero/Lenguaje%20de%20marcas/003-Manipulaci%C3%B3n%20de%20documentos%20Web/proyectos/004-proyecto%20apple/098-panel%20de%20visitas/front/categoria.php?cat=18|::1|0e3f8208f7e5739a07cea9613b6631519d1fcc6f9c269f3a87befec0b73085a2|Local|"Mozilla/5.0 (Windows NT 10.0; Win64; x64) AppleWebKit/537.36 (KHTML, like Gecko) Chrome/131.0.0.0 Safari/537.36"|Chrome|Windows|es-ES,es;q=0.9,en;q=0.8|iqhvu53dk1fise7inpfd47ss2g
1734223425|/DAM-Francisco-Jose-Herreros-Rodriguez/primero/Lenguaje%20de%20marcas/003-Manipulaci%C3%B3n%20de%20documentos%20Web/proyectos/004-proyecto%20apple/098-panel%20de%20visitas/front/categoria.php?cat=21|::1|0e3f8208f7e5739a07cea9613b6631519d1fcc6f9c269f3a87befec0b73085a2|Local|"Mozilla/5.0 (Windows NT 10.0; Win64; x64) AppleWebKit/537.36 (KHTML, like Gecko) Chrome/131.0.0.0 Safari/537.36"|Chrome|Windows|es-ES,es;q=0.9,en;q=0.8|iqhvu53dk1fise7inpfd47ss2g
1734223426|/DAM-Francisco-Jose-Herreros-Rodriguez/primero/Lenguaje%20de%20marcas/003-Manipulaci%C3%B3n%20de%20documentos%20Web/proyectos/004-proyecto%20apple/098-panel%20de%20visitas/front/categoria.php?cat=22|::1|0e3f8208f7e5739a07cea9613b6631519d1fcc6f9c269f3a87befec0b73085a2|Local|"Mozilla/5.0 (Windows NT 10.0; Win64; x64) AppleWebKit/537.36 (KHTML, like Gecko) Chrome/131.0.0.0 Safari/537.36"|Chrome|Windows|es-ES,es;q=0.9,en;q=0.8|iqhvu53dk1fise7inpfd47ss2g
1734223427|/DAM-Francisco-Jose-Herreros-Rodriguez/primero/Lenguaje%20de%20marcas/003-Manipulaci%C3%B3n%20de%20documentos%20Web/proyectos/004-proyecto%20apple/098-panel%20de%20visitas/front/categoria.php?cat=23|::1|0e3f8208f7e5739a07cea9613b6631519d1fcc6f9c269f3a87befec0b73085a2|Local|"Mozilla/5.0 (Windows NT 10.0; Win64; x64) AppleWebKit/537.36 (KHTML, like Gecko) Chrome/131.0.0.0 Safari/537.36"|Chrome|Windows|es-ES,es;q=0.9,en;q=0.8|iqhvu53dk1fise7inpfd47ss2g
1734223672|/DAM-Francisco-Jose-Herreros-Rodriguez/primero/Lenguaje%20de%20marcas/003-Manipulaci%C3%B3n%20de%20documentos%20Web/proyectos/004-proyecto%20apple/098-panel%20de%20visitas/front/index.php|::1|ef1163c8b5c95c873864fdb836e1a2f3b758b4bfe6747714212a38df280f3aac|Local|"Mozilla/5.0 (Windows NT 10.0; Win64; x64) AppleWebKit/537.36 (KHTML, like Gecko) Chrome/131.0.0.0 Safari/537.36 Edg/131.0.0.0"|Edge|Windows|es,es-ES;q=0.9,en;q=0.8,en-GB;q=0.7,en-US;q=0.6|ap9i4aljlg7bs0ojl3bglmf4n9
1734223673|/DAM-Francisco-Jose-Herreros-Rodriguez/primero/Lenguaje%20de%20marcas/003-Manipulaci%C3%B3n%20de%20documentos%20Web/proyectos/004-proyecto%20apple/098-panel%20de%20visitas/front/blog.php|::1|ef1163c8b5c95c873864fdb836e1a2f3b758b4bfe6747714212a38df280f3aac|Local|"Mozilla/5.0 (Windows NT 10.0; Win64; x64) AppleWebKit/537.36 (KHTML, like Gecko) Chrome/131.0.0.0 Safari/537.36 Edg/131.0.0.0"|Edge|Windows|es,es-ES;q=0.9,en;q=0.8,en-GB;q=0.7,en-US;q=0.6|ap9i4aljlg7bs0ojl3bglmf4n9
1734223673|/DAM-Francisco-Jose-Herreros-Rodriguez/primero/Lenguaje%20de%20marcas/003-Manipulaci%C3%B3n%20de%20documentos%20Web/proyectos/004-proyecto%20apple/098-panel%20de%20visitas/front/contacto.php|::1|ef1163c8b5c95c873864fdb836e1a2f3b758b4bfe6747714212a38df280f3aac|Local|"Mozilla/5.0 (Windows NT 10.0; Win64; x64) AppleWebKit/537.36 (KHTML, like Gecko) Chrome/131.0.0.0 Safari/537.36 Edg/131.0.0.0"|Edge|Windows|es,es-ES;q=0.9,en;q=0.8,en-GB;q=0.7,en-US;q=0.6|ap9i4aljlg7bs0ojl3bglmf4n9
1734223674|/DAM-Francisco-Jose-Herreros-Rodriguez/primero/Lenguaje%20de%20marcas/003-Manipulaci%C3%B3n%20de%20documentos%20Web/proyectos/004-proyecto%20apple/098-panel%20de%20visitas/front/categoria.php?cat=17|::1|ef1163c8b5c95c873864fdb836e1a2f3b758b4bfe6747714212a38df280f3aac|Local|"Mozilla/5.0 (Windows NT 10.0; Win64; x64) AppleWebKit/537.36 (KHTML, like Gecko) Chrome/131.0.0.0 Safari/537.36 Edg/131.0.0.0"|Edge|Windows|es,es-ES;q=0.9,en;q=0.8,en-GB;q=0.7,en-US;q=0.6|ap9i4aljlg7bs0ojl3bglmf4n9
1734223674|/DAM-Francisco-Jose-Herreros-Rodriguez/primero/Lenguaje%20de%20marcas/003-Manipulaci%C3%B3n%20de%20documentos%20Web/proyectos/004-proyecto%20apple/098-panel%20de%20visitas/front/categoria.php?cat=18|::1|ef1163c8b5c95c873864fdb836e1a2f3b758b4bfe6747714212a38df280f3aac|Local|"Mozilla/5.0 (Windows NT 10.0; Win64; x64) AppleWebKit/537.36 (KHTML, like Gecko) Chrome/131.0.0.0 Safari/537.36 Edg/131.0.0.0"|Edge|Windows|es,es-ES;q=0.9,en;q=0.8,en-GB;q=0.7,en-US;q=0.6|ap9i4aljlg7bs0ojl3bglmf4n9
1734223675|/DAM-Francisco-Jose-Herreros-Rodriguez/primero/Lenguaje%20de%20marcas/003-Manipulaci%C3%B3n%20de%20documentos%20Web/proyectos/004-proyecto%20apple/098-panel%20de%20visitas/front/categoria.php?cat=20|::1|ef1163c8b5c95c873864fdb836e1a2f3b758b4bfe6747714212a38df280f3aac|Local|"Mozilla/5.0 (Windows NT 10.0; Win64; x64) AppleWebKit/537.36 (KHTML, like Gecko) Chrome/131.0.0.0 Safari/537.36 Edg/131.0.0.0"|Edge|Windows|es,es-ES;q=0.9,en;q=0.8,en-GB;q=0.7,en-US;q=0.6|ap9i4aljlg7bs0ojl3bglmf4n9
1734223675|/DAM-Francisco-Jose-Herreros-Rodriguez/primero/Lenguaje%20de%20marcas/003-Manipulaci%C3%B3n%20de%20documentos%20Web/proyectos/004-proyecto%20apple/098-panel%20de%20visitas/front/categoria.php?cat=22|::1|ef1163c8b5c95c873864fdb836e1a2f3b758b4bfe6747714212a38df280f3aac|Local|"Mozilla/5.0 (Windows NT 10.0; Win64; x64) AppleWebKit/537.36 (KHTML, like Gecko) Chrome/131.0.0.0 Safari/537.36 Edg/131.0.0.0"|Edge|Windows|es,es-ES;q=0.9,en;q=0.8,en-GB;q=0.7,en-US;q=0.6|ap9i4aljlg7bs0ojl3bglmf4n9
1734224153|/DAM-Francisco-Jose-Herreros-Rodriguez/primero/Lenguaje%20de%20marcas/003-Manipulaci%C3%B3n%20de%20documentos%20Web/proyectos/004-proyecto%20apple/098-panel%20de%20visitas/front/index.php|::1|0e3f8208f7e5739a07cea9613b6631519d1fcc6f9c269f3a87befec0b73085a2|Local|"Mozilla/5.0 (Windows NT 10.0; Win64; x64) AppleWebKit/537.36 (KHTML, like Gecko) Chrome/131.0.0.0 Safari/537.36"|Chrome|Windows|es-ES,es;q=0.9,en;q=0.8|iqhvu53dk1fise7inpfd47ss2g
1734224165|/DAM-Francisco-Jose-Herreros-Rodriguez/primero/Lenguaje%20de%20marcas/003-Manipulaci%C3%B3n%20de%20documentos%20Web/proyectos/004-proyecto%20apple/098-panel%20de%20visitas/front/categoria.php?cat=21|::1|0e3f8208f7e5739a07cea9613b6631519d1fcc6f9c269f3a87befec0b73085a2|Local|"Mozilla/5.0 (Windows NT 10.0; Win64; x64) AppleWebKit/537.36 (KHTML, like Gecko) Chrome/131.0.0.0 Safari/537.36"|Chrome|Windows|es-ES,es;q=0.9,en;q=0.8|iqhvu53dk1fise7inpfd47ss2g
1734224201|/DAM-Francisco-Jose-Herreros-Rodriguez/primero/Lenguaje%20de%20marcas/003-Manipulaci%C3%B3n%20de%20documentos%20Web/proyectos/004-proyecto%20apple/098-panel%20de%20visitas/front/index.php|::1|0e3f8208f7e5739a07cea9613b6631519d1fcc6f9c269f3a87befec0b73085a2|Local|"Mozilla/5.0 (Windows NT 10.0; Win64; x64) AppleWebKit/537.36 (KHTML, like Gecko) Chrome/131.0.0.0 Safari/537.36"|Chrome|Windows|es-ES,es;q=0.9,en;q=0.8|iqhvu53dk1fise7inpfd47ss2g
1734224203|/DAM-Francisco-Jose-Herreros-Rodriguez/primero/Lenguaje%20de%20marcas/003-Manipulaci%C3%B3n%20de%20documentos%20Web/proyectos/004-proyecto%20apple/098-panel%20de%20visitas/front/blog.php|::1|0e3f8208f7e5739a07cea9613b6631519d1fcc6f9c269f3a87befec0b73085a2|Local|"Mozilla/5.0 (Windows NT 10.0; Win64; x64) AppleWebKit/537.36 (KHTML, like Gecko) Chrome/131.0.0.0 Safari/537.36"|Chrome|Windows|es-ES,es;q=0.9,en;q=0.8|iqhvu53dk1fise7inpfd47ss2g
1734224206|/DAM-Francisco-Jose-Herreros-Rodriguez/primero/Lenguaje%20de%20marcas/003-Manipulaci%C3%B3n%20de%20documentos%20Web/proyectos/004-proyecto%20apple/098-panel%20de%20visitas/front/contacto.php|::1|0e3f8208f7e5739a07cea9613b6631519d1fcc6f9c269f3a87befec0b73085a2|Local|"Mozilla/5.0 (Windows NT 10.0; Win64; x64) AppleWebKit/537.36 (KHTML, like Gecko) Chrome/131.0.0.0 Safari/537.36"|Chrome|Windows|es-ES,es;q=0.9,en;q=0.8|iqhvu53dk1fise7inpfd47ss2g
1734224208|/DAM-Francisco-Jose-Herreros-Rodriguez/primero/Lenguaje%20de%20marcas/003-Manipulaci%C3%B3n%20de%20documentos%20Web/proyectos/004-proyecto%20apple/098-panel%20de%20visitas/front/categoria.php?cat=17|::1|0e3f8208f7e5739a07cea9613b6631519d1fcc6f9c269f3a87befec0b73085a2|Local|"Mozilla/5.0 (Windows NT 10.0; Win64; x64) AppleWebKit/537.36 (KHTML, like Gecko) Chrome/131.0.0.0 Safari/537.36"|Chrome|Windows|es-ES,es;q=0.9,en;q=0.8|iqhvu53dk1fise7inpfd47ss2g
1734224220|/DAM-Francisco-Jose-Herreros-Rodriguez/primero/Lenguaje%20de%20marcas/003-Manipulaci%C3%B3n%20de%20documentos%20Web/proyectos/004-proyecto%20apple/098-panel%20de%20visitas/front/categoria.php?cat=23|::1|0e3f8208f7e5739a07cea9613b6631519d1fcc6f9c269f3a87befec0b73085a2|Local|"Mozilla/5.0 (Windows NT 10.0; Win64; x64) AppleWebKit/537.36 (KHTML, like Gecko) Chrome/131.0.0.0 Safari/537.36"|Chrome|Windows|es-ES,es;q=0.9,en;q=0.8|iqhvu53dk1fise7inpfd47ss2g
1734224222|/DAM-Francisco-Jose-Herreros-Rodriguez/primero/Lenguaje%20de%20marcas/003-Manipulaci%C3%B3n%20de%20documentos%20Web/proyectos/004-proyecto%20apple/098-panel%20de%20visitas/front/blog.php|::1|0e3f8208f7e5739a07cea9613b6631519d1fcc6f9c269f3a87befec0b73085a2|Local|"Mozilla/5.0 (Windows NT 10.0; Win64; x64) AppleWebKit/537.36 (KHTML, like Gecko) Chrome/131.0.0.0 Safari/537.36"|Chrome|Windows|es-ES,es;q=0.9,en;q=0.8|iqhvu53dk1fise7inpfd47ss2g
1734284538|/DAM-Francisco-Jose-Herreros-Rodriguez/primero/Lenguaje%20de%20marcas/003-Manipulaci%C3%B3n%20de%20documentos%20Web/proyectos/004-proyecto%20apple/098-panel%20de%20visitas/front/blog.php|::1|0e3f8208f7e5739a07cea9613b6631519d1fcc6f9c269f3a87befec0b73085a2|Local|"Mozilla/5.0 (Windows NT 10.0; Win64; x64) AppleWebKit/537.36 (KHTML, like Gecko) Chrome/131.0.0.0 Safari/537.36"|Chrome|Windows|es-ES,es;q=0.9,en;q=0.8|iqhvu53dk1fise7inpfd47ss2g
1734284540|/DAM-Francisco-Jose-Herreros-Rodriguez/primero/Lenguaje%20de%20marcas/003-Manipulaci%C3%B3n%20de%20documentos%20Web/proyectos/004-proyecto%20apple/098-panel%20de%20visitas/front/index.php|::1|0e3f8208f7e5739a07cea9613b6631519d1fcc6f9c269f3a87befec0b73085a2|Local|"Mozilla/5.0 (Windows NT 10.0; Win64; x64) AppleWebKit/537.36 (KHTML, like Gecko) Chrome/131.0.0.0 Safari/537.36"|Chrome|Windows|es-ES,es;q=0.9,en;q=0.8|iqhvu53dk1fise7inpfd47ss2g
1734284774|/DAM-Francisco-Jose-Herreros-Rodriguez/primero/Lenguaje%20de%20marcas/003-Manipulaci%C3%B3n%20de%20documentos%20Web/proyectos/004-proyecto%20apple/098-panel%20de%20visitas/front/blog.php|::1|0e3f8208f7e5739a07cea9613b6631519d1fcc6f9c269f3a87befec0b73085a2|Local|"Mozilla/5.0 (Windows NT 10.0; Win64; x64) AppleWebKit/537.36 (KHTML, like Gecko) Chrome/131.0.0.0 Safari/537.36"|Chrome|Windows|es-ES,es;q=0.9,en;q=0.8|iqhvu53dk1fise7inpfd47ss2g
1734286415|/DAM-Francisco-Jose-Herreros-Rodriguez/primero/Lenguaje%20de%20marcas/003-Manipulaci%C3%B3n%20de%20documentos%20Web/proyectos/004-proyecto%20apple/098-panel%20de%20visitas/front/blog.php|::1|0e3f8208f7e5739a07cea9613b6631519d1fcc6f9c269f3a87befec0b73085a2|Local|"Mozilla/5.0 (Windows NT 10.0; Win64; x64) AppleWebKit/537.36 (KHTML, like Gecko) Chrome/131.0.0.0 Safari/537.36"|Chrome|Windows|es-ES,es;q=0.9,en;q=0.8|iqhvu53dk1fise7inpfd47ss2g
1734286459|/DAM-Francisco-Jose-Herreros-Rodriguez/primero/Lenguaje%20de%20marcas/003-Manipulaci%C3%B3n%20de%20documentos%20Web/proyectos/004-proyecto%20apple/098-panel%20de%20visitas/front/blog.php|::1|0e3f8208f7e5739a07cea9613b6631519d1fcc6f9c269f3a87befec0b73085a2|Local|"Mozilla/5.0 (Windows NT 10.0; Win64; x64) AppleWebKit/537.36 (KHTML, like Gecko) Chrome/131.0.0.0 Safari/537.36"|Chrome|Windows|es-ES,es;q=0.9,en;q=0.8|iqhvu53dk1fise7inpfd47ss2g
1734456053|/DAM-Francisco-Jose-Herreros-Rodriguez/primero/Lenguaje%20de%20marcas/003-Manipulaci%C3%B3n%20de%20documentos%20Web/proyectos/004-proyecto%20apple/098-panel%20de%20visitas/front/categoria.php?cat=22|::1|ef1163c8b5c95c873864fdb836e1a2f3b758b4bfe6747714212a38df280f3aac|Local|"Mozilla/5.0 (Windows NT 10.0; Win64; x64) AppleWebKit/537.36 (KHTML, like Gecko) Chrome/131.0.0.0 Safari/537.36 Edg/131.0.0.0"|Edge|Windows|es,es-ES;q=0.9,en;q=0.8,en-GB;q=0.7,en-US;q=0.6|ap9i4aljlg7bs0ojl3bglmf4n9
1734703153|/DAM-Francisco-Jose-Herreros-Rodriguez/primero/Lenguaje%20de%20marcas/003-Manipulaci%C3%B3n%20de%20documentos%20Web/proyectos/004-proyecto%20apple/098-panel%20de%20visitas/front/|::1|b771827b1039e0aa3aa4f9254ecb5e87af24a82a81401f5c662109b29c4cacc2|Local|"Mozilla/5.0 (Windows NT 10.0; Win64; x64) AppleWebKit/537.36 (KHTML, like Gecko) Chrome/131.0.0.0 Safari/537.36"|Chrome|Windows|es-ES,es;q=0.9|tvdstopp74s5htakopqateaksd
